Keyword,Growth (Max Reach),Max. Reach,Volume,No. of results,Difficulty
astronomer,137%,1790,36,181,11
faith ai bible,"1,403%",6414,42,219,25
comet,"1,038%",7786,43,157,5
rare coins,750%,783,28,207,20
sky veiw,13%,552,16,216,30
dog and cat translator,117%,223,21,222,23
coins value,450%,748,28,216,29
old coin value,529%,673,25,222,26
переводчик по фото,13%,184,19,78,18
coin snap coin identifier,12%,201,20,222,24
bible ai chat,11%,192,16,234,29
pcgs photograde,83%,200,20,177,11
cointelegraph,11%,128,18,233,10
the ai bible,10%,135,17,228,35
coin id scanner value checker,10%,163,20,221,37
kjv audio holy bible,0%,17,5,225,14
baby cry translator,50%,227,16,218,0
language translator camera,9%,147,13,230,31
pray first,9%,187,18,225,15
thebiblechat,9%,120,16,237,35
coin appraisal,300%,763,26,219,29
coin dcx,7%,138,17,231,34
coin ledger,8%,125,19,238,33
astrofuture,8%,115,20,232,20
bible app lite,0%,59,13,226,14
daily prayers,8%,115,16,226,8
coin apps,8%,109,15,222,48
read the bible in one year,8%,134,15,226,11
talk translate,0%,32,5,231,32
coin collection,0%,33,5,213,21
money checker,275%,514,21,237,23
escanear monedas,8%,118,17,210,6
translate dog,7%,64,5,223,16
free kids bible,7%,99,5,228,17
card shark collection,7%,92,16,233,15
legacy standard bible,7%,85,15,215,0
icoin,7%,89,16,239,15
coinbase com,7%,131,16,231,49
faith ai,267%,298,18,226,20
god tools,245%,840,28,211,9
moneda,0%,30,5,192,22
ai coin identifier apps similar to coinsnap,0%,36,5,238,25
faith app,275%,895,27,120,9
chronological bible in a year,0%,18,5,215,4
meme coin tracker,0%,27,5,212,15
monedas,6%,91,13,211,30
famely,6%,82,14,176,31
bible verse daily,0%,41,5,226,22
poke scanner,0%,82,15,235,23
versiculos diarios,6%,87,16,202,14
